Mode,MNLC,MASC,Station,Coverage,Source,Entries_Monday,Entries_midweek,Entries_Friday,Entries_Saturday,Entries_Sunday,Exits_Monday,Exits_midweek,Exits_Friday,Exits_Saturday,Exits_Sunday,En/Ex_weekly,En/Ex_12week,En/Ex_annual
LU,500,ACTu,Acton Town,Station entry/exit,Gateline,"7,305","8,194","7,973","7,211","4,662","7,444","8,170","7,996","8,129","4,991","104,801","1,257,612","4,931,972"
LU,502,ALDu,Aldgate,Station entry/exit,Gateline,"10,033","12,378","9,332","6,280","5,242","11,065","14,274","11,336","7,703","5,724","146,673","1,760,079","6,902,494"
LU,503,ALEu,Aldgate East,Station entry/exit,Gateline,"15,101","17,402","17,181","15,537","12,077","14,180","16,538","16,344","14,431","10,699","217,370","2,608,434","10,229,488"
LU,505,ALPu,Alperton,Station entry/exit,Gateline,"3,693","3,734","3,746","3,024","2,214","3,950","3,924","3,949","3,066","2,320","48,937","587,239","2,302,973"
LU,506,AMEu,Amersham,Station entry/exit,Gateline,"2,614","3,129","2,479","2,194","1,203","2,519","3,043","2,509","2,022","1,154","35,213","422,557","1,657,141"
LU,507,ANGu,Angel,Station entry/exit,Gateline,"16,134","20,184","19,296","18,601","11,518","17,210","22,019","21,533","20,241","11,748","262,888","3,154,653","12,371,592"
LU,508,ARCu,Archway,Station entry/exit,Gateline,"10,424","11,969","11,663","9,796","6,450","10,090","11,434","10,710","8,939","6,191","144,471","1,733,653","6,798,862"
LU,509,AGRu,Arnos Grove,Station entry/exit,Gateline,"5,066","5,623","5,517","5,201","3,382","4,740","5,337","5,212","4,894","3,221","70,114","841,371","3,299,601"
LU,510,ARLu,Arsenal,Station entry/exit,Gateline,"2,968","3,583","3,674","3,694","2,353","2,815","3,261","3,217","3,422","2,281","44,955","539,463","2,115,609"
LU,511,BSTu,Baker Street,Station entry/exit,Gateline,"31,729","34,826","33,309","28,326","18,450","32,204","35,311","34,363","28,351","18,870","436,012","5,232,149","20,518,901"
LU,512,BALu,Balham LU,Station entry/exit,Gateline,"12,665","16,109","14,845","14,056","8,065","12,852","15,988","14,294","14,160","8,618","195,844","2,350,131","9,216,500"
LU,513,BNKu,Bank and Monument,Station entry/exit,Gateline,"50,401","72,844","46,483","26,455","15,338","52,864","76,118","49,391","27,689","15,640","731,147","8,773,764","34,408,044"
LU,501,BARu,Barbican,Station entry/exit,Gateline,"8,206","9,899","8,261","5,290","3,543","8,824","10,612","8,767","5,768","3,747","113,936","1,367,228","5,361,855"
LU,514,BKGu,Barking,Station entry/exit,Gateline,"23,928","24,797","24,638","19,467","13,524","23,883","24,721","24,284","17,913","13,119","309,312","3,711,742","14,556,327"
LU,515,BDEu,Barkingside,Station entry/exit,Gateline,"1,783","2,010","1,756","1,290",822,"1,837","2,065","1,819","1,322",860,"23,715","284,581","1,116,039"
LU,516,BCTu,Barons Court,Station entry/exit,Gateline,"7,986","9,355","8,259","6,370","4,248","7,953","9,101","7,986","6,139","4,287","108,597","1,303,162","5,110,605"
LU,517,BAYu,Bayswater,Station entry/exit,Gateline,"5,120","5,284","5,720","5,603","4,577","4,670","4,939","5,484","5,193","3,888","70,927","851,122","3,337,844"
LU,518,BECu,Becontree,Station entry/exit,Gateline,"4,509","4,848","4,800","3,296","2,196","4,360","4,571","4,474","2,821","2,117","56,829","681,947","2,674,391"
LU,519,BPKu,Belsize Park,Station entry/exit,Gateline,"7,066","8,201","7,483","5,838","4,253","7,033","8,068","7,281","5,636","4,194","97,594","1,171,123","4,592,789"
LU,787,BERu,Bermondsey,Station entry/exit,Gateline,"9,770","11,160","11,046","10,760","6,734","9,515","10,818","10,621","10,857","6,726","141,963","1,703,552","6,680,814"
LU,520,BNGu,Bethnal Green LU,Station entry/exit,Gateline,"14,395","16,612","17,347","18,081","11,706","13,644","15,576","16,629","17,381","10,952","216,699","2,600,392","10,197,951"
LU,521,BLFu,Blackfriars LU,Station entry/exit,Gateline,"13,917","17,936","12,905","12,142","8,707","13,359","17,328","12,385","11,298","9,389","199,895","2,398,741","9,407,136"
LU,522,BHRu,Blackhorse Road,Station entry/exit,Gateline,"13,037","14,673","14,419","12,989","8,502","12,387","13,846","13,299","12,032","8,509","180,730","2,168,765","8,505,240"
LU,524,BDSu,Bond Street,Station entry/exit,Gateline,"51,918","62,431","53,547","42,225","39,965","52,460","62,659","54,833","43,216","39,083","752,517","9,030,204","35,413,724"
LU,525,BORu,Borough,Station entry/exit,Gateline,"5,182","6,708","5,877","5,231","3,289","5,169","6,710","5,840","5,241","3,455","79,535","954,425","3,742,967"
LU,526,BOSu,Boston Manor,Station entry/exit,Gateline,"2,244","2,744","2,361","1,873","1,256","2,311","2,669","2,360","1,794","1,305","31,740","380,877","1,493,683"
LU,527,BGRu,Bounds Green,Station entry/exit,Gateline,"6,312","7,118","6,907","6,199","4,125","6,254","6,740","6,679","5,882","4,189","88,121","1,057,456","4,147,021"
LU,528,BWRu,Bow Road,Station entry/exit,Gateline,"5,888","6,579","6,298","5,523","3,827","5,835","6,407","5,724","5,207","4,045","81,305","975,659","3,826,239"
LU,529,BTXu,Brent Cross,Station entry/exit,Gateline,"2,836","3,284","3,172","3,305","2,623","2,830","3,181","3,194","3,322","2,621","43,298","519,574","2,037,612"
LU,778,BRXu,Brixton LU,Station entry/exit,Gateline,"28,532","33,779","35,073","38,727","24,319","28,248","32,960","35,427","38,489","23,904","452,935","5,435,221","21,315,288"
LU,530,BBBu,Bromley-by-Bow,Station entry/exit,Gateline,"5,529","6,005","5,702","4,348","3,200","5,543","5,894","5,425","4,069","3,278","72,791","873,496","3,425,585"
LU,531,BHLu,Buckhurst Hill,Station entry/exit,Gateline,"2,586","3,074","2,763","2,303","1,299","2,502","2,989","2,638","2,125","1,325","35,729","428,746","1,681,412"
LU,532,BURu,Burnt Oak,Station entry/exit,Gateline,"5,089","5,488","5,252","3,957","2,901","4,885","5,264","5,124","3,833","2,804","66,103","793,234","3,110,822"
LU,534,CRDu,Caledonian Road,Station entry/exit,Gateline,"6,242","7,300","7,183","6,376","4,082","5,936","6,901","6,654","5,810","3,928","88,815","1,065,779","4,179,663"
LU,535,CTNu,Camden Town,Station entry/exit,Gateline,"21,280","22,501","28,838","35,397","25,120","21,868","23,306","29,583","42,174","26,680","368,362","4,420,347","17,335,262"
LU,788,CWRu,Canada Water,Station entry/exit,Gateline,"13,529","15,065","18,212","21,705","11,727","13,882","15,341","19,642","22,614","11,993","224,520","2,694,235","10,565,973"
LU,852,CWFu,Canary Wharf LU,Station entry/exit,Gateline,"45,557","54,391","44,681","39,910","26,904","46,753","57,109","46,053","40,757","26,911","652,027","7,824,325","30,684,632"
LU,884,CNTu,Canning Town,Station entry/exit,Gateline,"17,716","17,623","16,817","18,727","17,202","17,622","17,661","18,304","17,818","16,323","246,380","2,956,558","11,594,723"
LU,536,CSTu,Cannon Street LU,Station entry/exit,Gateline,"6,153","8,308","5,568","3,611","1,924","5,754","7,570","5,044","3,141","1,684","80,514","966,163","3,788,997"
LU,537,CPKu,Canons Park,Station entry/exit,Gateline,"3,251","3,615","3,460","2,784","1,671","3,165","3,545","3,435","2,731","1,702","43,679","524,144","2,055,535"
LU,539,CLFu,Chalfont & Latimer,Station entry/exit,Scaled,"2,455","2,455","2,033","1,524",792,"2,258","2,258","1,915","1,664",911,"27,691","332,289","1,303,138"
LU,540,CHFu,Chalk Farm,Station entry/exit,Gateline,"5,277","6,502","7,221","8,316","5,273","4,550","5,983","6,166","6,520","4,271","85,051","1,020,613","4,002,534"
LU,541,CYLu,Chancery Lane,Station entry/exit,Gateline,"12,995","18,015","12,642","5,794","2,681","14,017","18,968","13,477","5,946","2,762","181,262","2,175,139","8,530,236"
LU,718,CHXu,Charing Cross LU,Station entry/exit,Gateline,"18,036","22,891","22,131","24,861","15,843","17,048","21,737","21,370","23,401","13,669","290,240","3,482,884","13,658,817"
LU,543,CHMu,Chesham,Station entry/exit,Gateline,"1,394","1,649","1,423","1,167",636,"1,300","1,544","1,357","1,031",599,"18,486","221,827","869,938"
LU,544,CHGu,Chigwell,Station entry/exit,Gateline,546,693,542,276,166,460,560,470,255,172,"6,644","79,724","312,653"
LU,545,CHPu,Chiswick Park,Station entry/exit,Gateline,"2,691","3,347","2,933","2,276","1,531","3,020","3,653","3,122","2,140","1,688","40,403","484,840","1,901,398"
LU,546,CWDu,Chorleywood,Station entry/exit,Scaled,"2,796","2,796","2,269","1,695","1,180","2,031","2,031","1,732","1,267","1,027","28,479","341,743","1,340,211"
LU,547,CPCu,Clapham Common,Station entry/exit,Gateline,"9,606","12,082","11,900","13,337","7,503","10,485","13,130","12,648","14,557","8,092","163,764","1,965,171","7,706,807"
LU,548,CPNu,Clapham North,Station entry/exit,Gateline,"6,615","8,340","8,670","9,458","4,964","6,844","8,604","8,552","9,659","5,226","110,819","1,329,827","5,215,179"
LU,549,CPSu,Clapham South,Station entry/exit,Gateline,"8,622","10,907","9,691","9,111","5,519","8,705","10,647","9,233","8,873","5,898","130,314","1,563,768","6,132,625"
LU,550,CFSu,Cockfosters,Station entry/exit,Gateline,"1,940","2,158","2,328","2,611","1,593","1,977","2,169","2,292","2,497","1,764","29,981","359,768","1,410,899"
LU,551,COLu,Colindale,Station entry/exit,Gateline,"9,379","10,352","9,833","8,264","5,791","9,151","10,015","9,365","7,843","5,655","126,382","1,516,587","5,947,593"
LU,552,CLWu,Colliers Wood,Station entry/exit,Gateline,"7,419","8,532","8,322","7,725","4,929","7,228","8,192","7,875","7,369","4,913","105,952","1,271,429","4,986,160"
LU,553,COVu,Covent Garden,Station entry/exit,Gateline,"14,058","17,490","18,767","21,701","16,686","16,179","21,156","21,914","30,523","20,197","275,963","3,311,556","12,986,920"
LU,554,CRXu,Croxley,Station entry/exit,Gateline,"1,299","1,570","1,372",873,474,"1,311","1,542","1,314",793,460,"17,228","206,737","810,760"
LU,555,DGEu,Dagenham East,Station entry/exit,Gateline,"4,105","4,251","4,174","2,809","2,008","3,760","3,921","3,832","2,426","1,849","49,479","593,747","2,328,494"
LU,556,DGHu,Dagenham Heathway,Station entry/exit,Gateline,"7,554","7,677","7,822","5,349","3,431","7,582","7,791","7,675","5,268","3,550","94,636","1,135,636","4,453,620"
LU,557,DEBu,Debden,Station entry/exit,Gateline,"2,994","3,340","3,040","2,015","1,080","2,953","3,239","2,867","1,799","1,114","37,597","451,165","1,769,334"
LU,558,DHLu,Dollis Hill,Station entry/exit,Gateline,"4,784","5,273","5,054","4,089","2,896","4,351","4,783","4,496","3,661","2,661","62,159","745,907","2,925,221"
LU,560,EBYu,Ealing Broadway,Station entry/exit,Gateline,"19,853","22,719","20,638","18,738","12,564","20,358","23,676","21,328","19,539","13,112","285,316","3,423,789","13,427,062"
LU,561,ECMu,Ealing Common,Station entry/exit,Gateline,"3,113","3,362","3,432","2,761","2,011","3,205","3,412","3,402","2,566","2,068","42,880","514,564","2,017,966"
LU,562,ECTu,Earl's Court,Station entry/exit,Gateline,"22,214","24,199","25,134","22,768","17,130","22,256","24,674","25,933","23,926","16,497","322,478","3,869,740","15,175,947"
LU,563,EACu,East Acton,Station entry/exit,Gateline,"4,151","4,700","4,410","3,391","2,372","4,367","4,851","4,490","3,365","2,420","57,616","691,395","2,711,444"
LU,565,EFYu,East Finchley,Station entry/exit,Gateline,"7,475","8,993","7,899","6,542","4,365","7,369","8,758","7,655","6,268","4,410","105,236","1,262,830","4,952,437"
LU,566,EHMu,East Ham,Station entry/exit,Gateline,"16,312","16,823","16,891","13,070","9,995","15,988","16,352","16,261","12,468","9,647","210,156","2,521,870","9,890,008"
LU,567,EPYu,East Putney,Station entry/exit,Gateline,"7,014","8,997","7,969","6,931","4,885","7,169","8,847","7,583","6,563","5,041","106,687","1,280,245","5,020,735"
LU,564,ETEu,Eastcote,Station entry/exit,Gateline,"3,206","3,631","3,314","2,498","1,460","3,130","3,574","3,242","2,367","1,503","42,333","508,000","1,992,221"
LU,568,EDGu,Edgware,Station entry/exit,Gateline,"6,272","6,650","6,296","5,287","3,695","6,349","6,751","6,368","5,319","3,757","83,546","1,002,554","3,931,713"
LU,774,ERBu,Edgware Road (Bak),Station entry/exit,Gateline,"4,999","5,922","5,587","4,916","3,297","5,250","6,253","5,730","5,022","3,350","74,676","896,114","3,514,286"
LU,569,ERDu,Edgware Road (DIS),Station entry/exit,Gateline,"7,674","8,979","8,242","6,731","4,928","7,440","8,829","8,090","6,704","4,578","107,810","1,293,724","5,073,595"
LU,570,ELEu,Elephant & Castle LU,Station entry/exit,Gateline,"19,833","22,396","22,932","21,215","13,462","19,423","21,216","22,035","19,917","12,926","282,578","3,390,936","13,298,222"
LU,571,EPKu,Elm Park,Station entry/exit,Gateline,"3,713","4,117","3,836","2,444","1,529","3,593","4,127","3,755","2,284","1,462","47,345","568,135","2,228,052"
LU,542,EMBu,Embankment,Station entry/exit,Gateline,"20,221","25,859","23,301","26,842","16,938","19,210","24,675","22,615","25,232","15,590","321,552","3,858,620","15,132,337"
LU,572,EPPu,Epping,Station entry/exit,Scaled,"4,931","4,931","4,831","4,600","2,649","5,138","5,138","5,087","4,181","2,591","64,215","770,579","3,021,978"
LU,574,EUSu,Euston LU,Station entry/exit,Gateline,"37,887","45,389","43,990","38,631","28,813","39,281","47,778","48,239","41,204","30,783","588,328","7,059,938","27,686,937"
LU,575,ESQu,Euston Square,Station entry/exit,Gateline,"16,846","18,918","16,304","9,625","7,273","17,520","19,725","18,253","9,944","7,726","219,422","2,633,059","10,326,061"
LU,576,FLPu,Fairlop,Station entry/exit,Gateline,"1,381","1,546","1,463","1,242",713,"1,312","1,462","1,363","1,245",727,"18,472","221,662","869,290"
LU,577,FARu,Farringdon,Station entry/exit,Gateline,"47,269","64,702","48,935","17,817","15,157","46,403","63,322","48,286","17,021","13,974","638,935","7,667,217","30,068,501"
LU,578,FYCu,Finchley Central,Station entry/exit,Scaled,"10,673","10,673","9,803","7,673","4,381","10,335","10,335","9,625","7,257","4,816","127,585","1,531,024","6,004,211"
LU,579,FRDu,Finchley Road,Station entry/exit,Gateline,"10,715","11,596","11,337","9,074","6,827","10,280","11,073","10,611","8,679","6,507","142,039","1,704,464","6,684,393"
LU,580,FPKu,Finsbury Park,Station entry/exit,Special,"33,655","40,206","39,009","43,653","26,387","30,088","35,791","34,443","37,619","24,445","497,290","5,967,478","23,402,642"
LU,581,FBYu,Fulham Broadway,Station entry/exit,Gateline,"9,814","11,213","11,102","9,254","6,066","9,858","11,266","10,555","8,833","5,632","138,549","1,662,585","6,520,154"
LU,582,GHLu,Gants Hill,Station entry/exit,Gateline,"7,811","8,519","8,103","6,084","4,203","7,473","8,046","7,721","5,686","4,123","100,897","1,210,766","4,748,259"
LU,583,GRDu,Gloucester Road,Station entry/exit,Gateline,"16,253","17,611","18,072","14,859","11,261","15,614","17,306","17,545","14,410","10,058","222,823","2,673,870","10,486,109"
LU,584,GGRu,Golders Green,Station entry/exit,Gateline,"8,783","10,033","9,476","7,454","5,620","8,785","10,006","9,584","7,308","5,805","122,931","1,475,173","5,785,182"
LU,585,GHRu,Goldhawk Road,Station entry/exit,Gateline,"2,493","2,918","2,934","2,410","1,445","2,475","2,857","2,725","2,228","1,612","35,646","427,755","1,677,524"
LU,586,GSTu,Goodge Street,Station entry/exit,Gateline,"7,692","9,607","7,799","5,214","3,039","8,451","10,411","8,655","5,451","3,123","109,478","1,313,738","5,152,082"
LU,587,GRHu,Grange Hill,Station entry/exit,Gateline,666,749,668,401,215,604,649,550,319,201,"7,819","93,825","367,952"
LU,588,GPSu,Great Portland Street,Station entry/exit,Gateline,"8,261","10,249","8,005","4,845","3,298","8,219","10,233","7,970","4,572","3,034","109,650","1,315,796","5,160,153"
LU,590,GPKu,Green Park,Station entry/exit,Gateline,"37,231","46,156","41,519","36,304","24,342","43,170","52,792","50,336","44,152","29,907","603,801","7,245,613","28,415,099"
LU,589,GFDu,Greenford,Station entry/exit,Gateline,"5,240","5,822","5,477","4,344","2,660","5,319","5,772","5,299","4,157","2,683","69,962","839,539","3,292,419"
LU,591,GUNu,Gunnersbury,Station entry/exit,Gateline,"6,072","7,933","5,347","4,439","2,777","5,848","7,462","5,056","3,966","2,610","82,299","987,593","3,873,039"
LU,592,HAIu,Hainault,Station entry/exit,Gateline,"4,626","5,024","4,842","3,349","2,208","4,523","4,876","4,665","3,387","2,111","59,412","712,939","2,795,930"
LU,593,HMDu,Hammersmith (DIS),Station entry/exit,Gateline,"29,880","34,937","32,382","28,308","18,607","29,453","34,658","32,107","28,256","18,381","426,158","5,113,891","20,055,131"
LU,773,HMSu,Hammersmith (H&C),Station entry/exit,Gateline,"12,210","14,585","13,208","10,985","6,897","11,957","14,195","12,575","10,319","6,406","170,895","2,050,744","8,042,398"
LU,594,HMPu,Hampstead,Station entry/exit,Gateline,"4,794","5,470","5,274","5,300","4,154","5,490","6,189","5,943","6,001","4,706","76,638","919,653","3,606,601"
LU,595,HLNu,Hanger Lane,Station entry/exit,Gateline,"3,837","4,550","4,133","3,985","2,360","3,798","4,411","4,002","3,613","2,312","54,923","659,079","2,584,708"
LU,596,HARu,Harlesden,Station entry/exit,Gateline,"3,889","4,285","4,067","2,573","1,661","3,897","4,178","3,924","2,472","1,676","49,545","594,545","2,331,624"
LU,597,HAWu,Harrow & Wealdstone,Station entry/exit,Gateline,"5,480","5,840","5,725","4,015","2,610","5,202","5,533","5,344","3,630","2,494","68,616","823,393","3,229,099"
LU,598,HOHu,Harrow-on-the-Hill,Station entry/exit,Gateline,"12,366","13,543","13,048","11,146","7,481","13,241","14,548","13,752","11,361","7,919","174,589","2,095,069","8,216,227"
LU,779,HTXu,Hatton Cross,Station entry/exit,Gateline,"3,948","4,239","4,293","3,818","3,150","4,032","4,173","4,260","3,888","3,205","55,828","669,936","2,627,285"
LU,781,HRFu,Heathrow Terminal 4 LU,Station entry/exit,Gateline,"2,055","1,831","2,220","2,292","2,150","1,720","1,553","1,922","2,037","1,646","26,195","314,345","1,232,766"
LU,783,HRVu,Heathrow Terminal 5 LU,Station entry/exit,Gateline,"6,452","5,804","6,694","5,759","6,743","4,933","4,625","5,230","4,679","5,445","77,222","926,661","3,634,083"
LU,780,HRCu,Heathrow Terminals 123 LU,Station entry/exit,Gateline,"9,551","8,723","11,035","9,937","10,124","8,497","6,689","8,949","8,301","9,207","121,839","1,462,069","5,733,793"
LU,601,HNDu,Hendon Central,Station entry/exit,Gateline,"7,971","8,978","8,541","6,229","4,551","7,544","8,428","7,983","5,718","4,245","105,000","1,259,999","4,941,336"
LU,602,HBTu,High Barnet,Station entry/exit,Gateline,"4,953","5,720","5,253","4,122","2,531","4,899","5,608","5,051","4,042","2,582","67,419","809,023","3,172,741"
LU,605,HSTu,High Street Kensington,Station entry/exit,Gateline,"12,602","14,351","13,900","13,320","9,443","12,233","14,154","13,278","12,526","8,546","181,364","2,176,364","8,535,039"
LU,603,HBYu,Highbury & Islington,Station entry/exit,Gateline,"18,755","22,238","22,489","21,230","12,738","19,703","23,349","23,471","23,291","13,858","292,295","3,507,539","13,755,507"
LU,604,HIGu,Highgate,Station entry/exit,Gateline,"6,172","7,296","6,891","5,935","3,921","6,315","7,413","6,671","5,933","4,189","90,156","1,081,868","4,242,758"
LU,606,HDNu,Hillingdon,Station entry/exit,Gateline,"2,132","2,401","2,314","1,871","1,076","2,000","2,246","2,074","1,700","1,101","28,206","338,473","1,327,387"
LU,607,HOLu,Holborn,Station entry/exit,Gateline,"29,881","37,790","32,449","24,275","16,187","32,333","40,131","35,418","26,615","16,674","447,596","5,371,153","21,064,035"
LU,608,HPKu,Holland Park,Station entry/exit,Gateline,"4,186","4,550","4,417","3,793","2,331","4,091","4,446","4,356","3,873","2,354","56,388","676,652","2,653,625"
LU,609,HRDu,Holloway Road,Station entry/exit,Gateline,"8,409","9,168","8,817","6,843","4,571","8,397","9,016","8,484","6,483","4,674","111,230","1,334,766","5,234,546"
LU,610,HCHu,Hornchurch,Station entry/exit,Gateline,"2,387","2,684","2,367","1,661",897,"2,428","2,716","2,436","1,774","1,000","31,151","373,806","1,465,954"
LU,611,HNCu,Hounslow Central,Station entry/exit,Gateline,"4,440","4,845","4,559","4,042","2,979","4,498","4,829","4,587","4,014","2,956","61,098","733,171","2,875,274"
LU,612,HNEu,Hounslow East,Station entry/exit,Gateline,"4,748","5,144","5,104","4,481","3,418","5,120","5,470","5,400","4,598","3,630","68,339","820,069","3,216,060"
LU,613,HNWu,Hounslow West,Station entry/exit,Gateline,"4,303","4,535","4,741","4,546","3,416","4,390","4,460","4,803","4,626","3,458","61,267","735,209","2,883,269"
LU,614,HPCu,Hyde Park Corner,Station entry/exit,Gateline,"5,416","8,531","6,102","6,460","4,651","5,518","9,645","6,418","6,892","4,811","100,797","1,209,565","4,743,548"
LU,615,ICKu,Ickenham,Station entry/exit,Gateline,"1,298","1,450","1,366","1,051",601,"1,320","1,486","1,351","1,009",662,"17,465","209,579","821,905"
LU,616,KENu,Kennington,Station entry/exit,Gateline,"6,044","7,316","7,271","7,190","4,710","5,865","7,077","7,132","7,468","4,789","93,646","1,123,747","4,406,994"
LU,617,KGNu,Kensal Green,Station entry/exit,Gateline,"2,717","3,204","3,042","2,611","1,658","2,608","3,073","2,800","2,451","1,727","38,441","461,298","1,809,069"
LU,618,OLYu,Kensington (Olympia),---see LO---,---see LO---,0,0,0,0,0,0,0,0,0,0,0,0,0
LU,619,KTNu,Kentish Town,Boarding/alighting,Scaled,"10,621","10,621","10,586","9,670","6,417","9,983","9,983","9,966","8,432","6,493","133,977","1,607,720","6,304,992"
LU,620,KETu,Kenton,Station entry/exit,Gateline,"2,585","2,625","2,501","1,786","1,160","2,611","2,694","2,577","1,852","1,198","32,229","386,744","1,516,692"
LU,621,KEWu,Kew Gardens,Station entry/exit,Gateline,"4,354","7,299","5,125","6,534","4,530","4,227","7,322","4,916","6,289","4,509","84,346","1,012,153","3,969,356"
LU,622,KILu,Kilburn,Station entry/exit,Gateline,"8,276","9,249","9,071","8,421","5,862","8,136","8,960","8,779","8,265","5,823","117,263","1,407,156","5,518,439"
LU,623,KPKu,Kilburn Park,Station entry/exit,Gateline,"3,671","4,095","4,050","3,878","2,618","3,526","3,898","3,773","3,603","2,523","51,621","619,452","2,429,301"
LU,625,KXXu,King's Cross St. Pancras,Station entry/exit,Gateline,"94,090","110,437","112,194","115,395","87,606","92,609","110,625","115,851","116,085","89,078","1,486,092","17,833,109","69,936,049"
LU,624,KBYu,Kingsbury,Station entry/exit,Gateline,"5,472","5,792","5,812","4,243","3,003","5,476","5,779","5,809","4,183","2,953","71,663","859,959","3,372,497"
LU,626,KNBu,Knightsbridge,Station entry/exit,Gateline,"18,836","21,694","21,073","23,052","16,604","17,972","21,154","19,772","21,675","14,454","281,980","3,383,761","13,270,083"
LU,627,LGRu,Ladbroke Grove,Station entry/exit,Gateline,"6,875","7,775","8,275","10,635","4,987","6,950","7,786","8,083","10,960","4,882","108,328","1,299,936","5,097,954"
LU,628,LAMu,Lambeth North,Station entry/exit,Gateline,"3,802","4,192","4,425","4,435","3,004","3,565","4,034","4,037","3,932","2,669","54,548","654,575","2,567,046"
LU,629,LANu,Lancaster Gate,Station entry/exit,Gateline,"4,673","5,153","6,146","7,075","5,394","4,447","5,425","6,127","6,835","5,087","77,520","930,240","3,648,119"
LU,630,LATu,Latimer Road,Station entry/exit,Gateline,"2,976","3,462","3,002","1,996","1,560","2,872","3,379","2,788","1,867","1,553","39,136","469,635","1,841,768"
LU,631,LSQu,Leicester Square,Station entry/exit,Gateline,"32,812","42,982","49,340","71,131","41,486","30,970","39,836","46,171","64,971","39,211","624,545","7,494,535","29,391,294"
LU,632,LEYu,Leyton,Station entry/exit,Gateline,"12,870","14,025","13,892","13,754","8,246","12,376","13,356","13,113","13,008","8,249","177,650","2,131,800","8,360,273"
LU,633,LYSu,Leytonstone,Station entry/exit,Gateline,"10,228","11,453","11,234","9,371","6,161","10,202","11,336","11,077","9,439","6,308","142,384","1,708,608","6,700,643"
LU,634,LSTu,Liverpool Street LU,Station entry/exit,Gateline,"77,291","100,579","88,787","74,678","43,795","80,787","102,034","91,288","76,222","45,823","1,186,510","14,238,118","55,837,583"
LU,635,LONu,London Bridge LU,Station entry/exit,Gateline,"72,166","91,126","86,237","104,724","69,959","70,057","88,989","83,632","99,671","67,518","1,194,308","14,331,700","56,204,583"
LU,636,LTNu,Loughton,Station entry/exit,Gateline,"3,970","4,685","4,127","3,604","2,051","4,006","4,720","4,294","3,829","2,113","56,209","674,510","2,645,225"
LU,637,MDVu,Maida Vale,Station entry/exit,Gateline,"3,802","4,452","4,258","3,682","2,399","3,625","4,192","3,841","3,220","2,340","53,097","637,167","2,498,776"
LU,638,MNRu,Manor House,Station entry/exit,Gateline,"8,893","10,064","10,413","9,626","6,699","8,559","9,406","9,785","8,987","6,647","128,019","1,536,228","6,024,622"
LU,639,MANu,Mansion House,Station entry/exit,Gateline,"6,178","8,260","5,611","3,669","2,463","6,534","8,970","5,712","3,691","2,387","87,935","1,055,218","4,138,247"
LU,640,MARu,Marble Arch,Station entry/exit,Gateline,"12,834","16,912","14,508","14,793","10,407","12,385","16,920","13,871","13,915","9,861","204,070","2,448,840","9,603,610"
LU,641,MYBu,Marylebone LU,Station entry/exit,Gateline,"11,587","15,021","12,813","11,951","8,422","12,051","15,906","14,037","13,003","8,701","185,347","2,224,169","8,722,517"
LU,642,MLEu,Mile End,Station entry/exit,Gateline,"18,324","19,114","19,932","15,270","10,582","18,259","18,615","19,498","15,245","11,043","241,341","2,896,092","11,357,596"
LU,643,MHEu,Mill Hill East,Station entry/exit,Scaled,"2,713","2,713","2,468","1,822","1,188","2,209","2,209","1,997","1,520","1,281","29,966","359,587","1,410,192"
LU,646,MPKu,Moor Park,Station entry/exit,Gateline,"1,285","1,422","1,350",607,380,"1,235","1,366","1,269",610,394,"15,493","185,917","729,111"
LU,645,MGTu,Moorgate,Station entry/exit,Gateline,"29,811","40,745","27,091","12,635","7,690","33,024","45,914","31,508","14,942","8,605","425,283","5,103,392","20,013,958"
LU,647,MORu,Morden,Station entry/exit,Gateline,"11,408","12,994","12,583","11,919","7,952","10,766","12,493","12,334","11,826","7,946","163,196","1,958,353","7,680,069"
LU,648,MCRu,Mornington Crescent,Station entry/exit,Gateline,"3,607","4,882","4,597","5,790","1,859","3,116","4,880","4,260","3,094","1,177","56,783","681,399","2,672,239"
LU,649,NEAu,Neasden,Station entry/exit,Gateline,"4,147","4,465","4,318","3,268","2,262","3,854","4,097","4,020","3,180","2,206","52,941","635,295","2,491,433"
LU,650,NEPu,Newbury Park,Station entry/exit,Gateline,"5,855","6,329","6,103","5,051","3,260","5,258","5,692","5,530","4,745","3,070","74,936","899,235","3,526,527"
LU,653,NACu,North Acton,Station entry/exit,Gateline,"8,386","8,824","9,282","6,756","4,669","8,495","8,768","9,120","6,861","4,736","111,080","1,332,960","5,227,467"
LU,654,NELu,North Ealing,Station entry/exit,Gateline,945,"1,017","1,061",807,504,923,"1,000","1,007",728,475,"12,501","150,015","588,313"
LU,789,NOGu,North Greenwich,Station entry/exit,Gateline,"23,395","32,860","31,065","40,319","23,483","24,930","36,002","33,601","42,942","24,215","450,536","5,406,438","21,202,411"
LU,656,NHRu,North Harrow,Station entry/exit,Gateline,"2,136","2,454","2,164","1,626",975,"2,054","2,308","1,979","1,556",978,"27,755","333,059","1,306,156"
LU,659,NWBu,North Wembley,Station entry/exit,Gateline,"2,085","2,209","2,156","1,378",924,"1,968","2,063","1,985","1,324",948,"25,585","307,016","1,204,024"
LU,655,NFDu,Northfields,Station entry/exit,Gateline,"3,924","4,621","4,314","3,567","2,509","3,868","4,429","4,196","3,628","2,649","55,804","669,653","2,626,178"
LU,657,NHTu,Northolt,Station entry/exit,Gateline,"6,526","6,886","6,823","5,549","3,639","6,197","6,586","6,437","5,030","3,555","84,171","1,010,047","3,961,099"
LU,660,NWPu,Northwick Park,Station entry/exit,Gateline,"5,532","5,821","5,464","3,474","2,296","5,494","5,680","5,137","3,116","2,305","67,320","807,835","3,168,082"
LU,661,NWDu,Northwood,Station entry/exit,Gateline,"3,248","3,722","3,500","2,428","1,453","3,267","3,712","3,445","2,319","1,483","43,446","521,348","2,044,570"
LU,662,NWHu,Northwood Hills,Station entry/exit,Gateline,"2,187","2,478","2,330","1,653","1,000","2,110","2,356","2,195","1,511","1,006","28,494","341,926","1,340,929"
LU,663,NHGu,Notting Hill Gate,Station entry/exit,Gateline,"15,188","17,733","18,204","21,853","12,778","15,580","18,125","19,056","24,511","13,757","248,501","2,982,013","11,694,553"
LU,664,OAKu,Oakwood,Station entry/exit,Gateline,"3,093","3,541","3,465","3,362","2,573","3,230","3,742","3,598","3,549","2,694","47,413","568,951","2,231,254"
LU,665,OLDu,Old Street,Station entry/exit,Gateline,"22,009","29,355","24,932","21,507","13,342","22,147","29,349","26,612","24,145","12,968","343,773","4,125,272","16,178,065"
LU,667,OSTu,Osterley,Station entry/exit,Gateline,"2,515","3,129","2,593","2,573","1,640","2,541","2,992","2,547","2,475","1,671","36,918","443,013","1,737,364"
LU,668,OVLu,Oval,Station entry/exit,Gateline,"7,519","9,616","8,742","7,904","5,167","7,318","9,116","8,335","7,589","5,150","113,920","1,367,039","5,361,113"
LU,669,OXCu,Oxford Circus,Station entry/exit,Gateline,"69,699","84,906","81,556","80,279","49,391","78,900","97,027","91,864","94,933","55,529","1,147,948","13,775,375","54,022,846"
LU,670,PADu,Paddington TfL,Station entry/exit,Gateline,"68,701","75,981","76,714","71,372","52,272","66,609","76,321","78,752","70,190","49,762","991,279","11,895,352","46,649,966"
LU,671,PRYu,Park Royal,Station entry/exit,Gateline,"2,516","2,707","2,740","2,257","1,564","2,595","2,825","2,910","2,357","1,591","35,126","421,510","1,653,036"
LU,672,PGRu,Parsons Green,Station entry/exit,Gateline,"7,771","9,200","8,424","6,464","3,995","7,645","8,978","8,019","6,062","3,950","106,862","1,282,345","5,028,968"
LU,673,PERu,Perivale,Station entry/exit,Gateline,"2,704","3,002","2,831","2,271","1,362","2,665","2,912","2,758","2,143","1,352","35,829","429,944","1,686,109"
LU,674,PICu,Piccadilly Circus,Station entry/exit,Gateline,"34,813","43,227","45,542","55,132","33,468","33,087","40,513","45,406","57,890","31,679","588,238","7,058,857","27,682,697"
LU,776,PIMu,Pimlico,Station entry/exit,Gateline,"10,384","12,464","11,120","9,192","6,591","10,204","12,231","10,486","8,770","6,385","147,215","1,766,585","6,928,011"
LU,675,PINu,Pinner,Station entry/exit,Scaled,"3,596","3,596","3,388","2,966","1,834","3,586","3,586","3,107","2,931","1,814","44,767","537,203","2,106,745"
LU,676,PLWu,Plaistow,Station entry/exit,Gateline,"6,748","7,009","7,118","5,184","3,715","6,363","6,702","6,623","4,710","3,708","85,304","1,023,647","4,014,434"
LU,677,PRDu,Preston Road,Station entry/exit,Gateline,"3,700","4,013","3,816","2,985","2,000","3,686","3,962","3,749","2,866","2,092","48,817","585,803","2,297,341"
LU,678,PUTu,Putney Bridge,Station entry/exit,Gateline,"6,492","8,025","7,159","7,661","4,270","7,086","8,541","7,500","7,906","4,436","102,212","1,226,540","4,810,117"
LU,680,QPKu,Queen's Park,Station entry/exit,Gateline,"6,349","7,438","6,960","5,799","3,915","6,082","7,006","6,313","5,422","3,986","88,159","1,057,905","4,148,784"
LU,679,QBYu,Queensbury,Station entry/exit,Gateline,"5,066","5,338","5,237","3,929","2,532","5,033","5,284","5,206","3,827","2,434","65,131","781,575","3,065,100"
LU,681,QWYu,Queensway,Station entry/exit,Gateline,"8,922","9,601","10,325","10,985","8,028","9,484","10,471","11,044","11,430","8,079","138,513","1,662,160","6,518,486"
LU,682,RCPu,Ravenscourt Park,Station entry/exit,Gateline,"4,071","4,617","4,580","3,100","2,153","3,979","4,567","4,404","2,928","2,136","54,902","658,828","2,583,723"
LU,683,RAYu,Rayners Lane,Station entry/exit,Gateline,"4,930","5,300","5,109","4,034","2,625","4,787","5,217","5,002","3,875","2,677","64,590","775,078","3,039,620"
LU,684,REDu,Redbridge,Station entry/exit,Gateline,"3,371","3,575","3,544","2,969","2,016","3,115","3,262","3,243","2,742","1,883","43,397","520,763","2,042,273"
LU,685,RPKu,Regent's Park,Station entry/exit,Gateline,"3,074","3,583","3,195","2,474","1,508","3,570","4,186","3,851","2,928","1,722","45,629","547,544","2,147,300"
LU,686,RMDu,Richmond,Boarding/alighting,Scaled,"5,459","5,459","6,807","4,847","4,863","6,204","6,204","6,262","4,462","5,557","79,449","953,385","3,738,887"
LU,687,RKYu,Rickmansworth,Station entry/exit,Gateline,"2,868","3,315","3,093","1,986","1,129","2,779","3,219","3,027","1,924","1,118","37,527","450,318","1,766,012"
LU,688,RODu,Roding Valley,Station entry/exit,Scaled,365,365,314,215,176,602,602,439,321,174,"5,509","66,112","259,271"
LU,690,ROYu,Royal Oak,Station entry/exit,Gateline,"3,033","3,527","3,338","2,841","1,953","2,833","3,284","3,087","2,596","1,896","42,012","504,143","1,977,095"
LU,691,RUIu,Ruislip,Station entry/exit,Gateline,"2,086","2,367","2,220","1,914","1,049","2,169","2,418","2,314","1,852","1,093","29,053","348,632","1,367,228"
LU,692,RUGu,Ruislip Gardens,Station entry/exit,Gateline,"1,193","1,461","1,298","1,092",596,"1,090","1,302","1,128",984,615,"16,284","195,412","766,348"
LU,693,RUMu,Ruislip Manor,Station entry/exit,Gateline,"2,103","2,417","2,277","1,781",947,"2,157","2,448","2,286","1,648",971,"28,766","345,191","1,353,734"
LU,694,RSQu,Russell Square,Station entry/exit,Gateline,"13,522","14,053","14,704","11,430","8,879","13,663","14,469","15,364","11,446","7,922","182,498","2,189,979","8,588,433"
LU,698,SVSu,Seven Sisters,Station entry/exit,Gateline,"17,622","36,093","19,790","16,994","13,595","17,194","37,336","19,563","16,698","13,551","355,290","4,263,480","16,720,076"
LU,700,SBCu,Shepherd's Bush LU,Station entry/exit,Gateline,"18,704","21,494","21,953","23,399","14,904","17,701","20,492","20,795","21,785","13,816","279,018","3,348,213","13,130,675"
LU,775,SBMu,Shepherd's Bush Market,Station entry/exit,Gateline,"4,311","4,793","5,200","4,528","3,048","4,136","4,657","4,823","4,070","2,985","61,451","737,410","2,891,897"
LU,702,SSQu,Sloane Square,Station entry/exit,Gateline,"18,207","22,053","20,136","18,607","11,767","18,217","22,237","20,126","19,605","11,805","271,339","3,256,065","12,769,299"
LU,703,SNBu,Snaresbrook,Station entry/exit,Gateline,"2,645","3,017","2,783","2,262","1,374","2,523","2,856","2,617","2,172","1,463","35,460","425,521","1,668,766"
LU,704,SELu,South Ealing,Station entry/exit,Gateline,"3,936","4,272","4,258","3,422","2,212","3,934","4,207","4,222","3,446","2,365","53,232","638,780","2,505,100"
LU,707,SHRu,South Harrow,Station entry/exit,Gateline,"2,704","2,790","2,846","2,206","1,435","2,804","2,873","2,901","2,208","1,483","35,578","426,935","1,674,310"
LU,708,SKNu,South Kensington,Station entry/exit,Gateline,"35,529","37,554","39,400","37,787","28,851","36,609","38,730","40,636","39,684","29,701","517,048","6,204,577","24,332,469"
LU,709,SKTu,South Kenton,Station entry/exit,Scaled,"1,578","1,578","1,574","1,297",815,"1,841","1,841","2,087","1,184",882,"21,514","258,163","1,012,436"
LU,710,SRPu,South Ruislip,Station entry/exit,Gateline,"2,180","2,509","2,379","1,947","1,167","2,087","2,442","2,291","1,904","1,173","29,982","359,778","1,410,940"
LU,711,SWMu,South Wimbledon,Station entry/exit,Gateline,"4,797","5,703","5,290","4,952","3,086","4,674","5,539","5,326","5,148","3,173","70,172","842,061","3,302,306"
LU,712,SWFu,South Woodford,Station entry/exit,Gateline,"5,587","6,525","6,138","5,296","3,067","5,808","6,717","6,351","5,315","3,265","80,555","966,658","3,790,939"
LU,705,SFSu,Southfields,Station entry/exit,Gateline,"6,886","8,093","7,361","6,097","4,025","6,602","7,677","6,650","5,502","4,054","94,487","1,133,847","4,446,603"
LU,706,SGTu,Southgate,Station entry/exit,Gateline,"5,658","6,103","6,077","5,331","3,633","5,991","6,485","6,475","5,577","3,806","80,314","963,764","3,779,589"
LU,784,SWKu,Southwark,Station entry/exit,Gateline,"12,955","16,507","13,348","10,302","7,151","13,310","17,010","14,175","10,764","6,918","189,474","2,273,688","8,916,716"
LU,695,SJPu,St. James's Park,Station entry/exit,Gateline,"13,319","16,476","12,608","8,613","6,010","13,468","16,765","12,808","8,601","6,377","181,525","2,178,304","8,542,648"
LU,696,SJWu,St. John's Wood,Station entry/exit,Gateline,"8,879","9,584","9,506","7,061","4,845","9,119","9,792","9,734","7,261","5,084","119,616","1,435,389","5,629,161"
LU,697,STPu,St. Paul's,Station entry/exit,Gateline,"13,611","17,088","13,957","11,180","6,981","14,091","17,413","13,970","10,292","6,433","194,020","2,328,242","9,130,661"
LU,713,STBu,Stamford Brook,Station entry/exit,Gateline,"3,138","3,863","3,533","2,856","1,879","3,088","3,722","3,281","2,539","1,853","44,922","539,059","2,114,025"
LU,714,STAu,Stanmore,Station entry/exit,Gateline,"4,331","4,903","4,695","4,116","2,718","4,407","4,914","4,719","4,216","2,949","61,601","739,213","2,898,971"
LU,715,STGu,Stepney Green,Station entry/exit,Gateline,"7,875","8,253","8,447","5,516","3,835","7,887","8,132","8,017","5,127","3,834","99,693","1,196,320","4,691,603"
LU,716,STKu,Stockwell,Station entry/exit,Gateline,"10,727","12,979","12,818","12,778","7,923","9,805","11,510","11,693","11,876","7,460","158,547","1,902,570","7,461,301"
LU,717,SPKu,Stonebridge Park,Station entry/exit,Gateline,"3,714","4,068","3,826","2,564","1,635","3,649","3,881","3,598","2,340","1,680","46,853","562,241","2,204,940"
LU,719,SFDu,Stratford,Station entry/exit,Gateline,"72,351","72,042","64,650","78,194","73,423","73,631","72,883","66,311","80,750","73,352","1,017,438","12,209,258","47,881,009"
LU,720,SHLu,Sudbury Hill,Station entry/exit,Gateline,"2,522","2,604","2,546","1,975","1,236","2,524","2,606","2,494","1,862","1,255","32,043","384,510","1,507,933"
LU,721,STNu,Sudbury Town,Station entry/exit,Gateline,"2,375","2,476","2,480","1,852","1,296","2,214","2,257","2,219","1,660","1,229","29,522","354,266","1,389,322"
LU,723,SWCu,Swiss Cottage,Station entry/exit,Gateline,"7,782","8,564","8,225","6,795","4,448","7,700","8,445","7,993","6,563","4,386","104,917","1,259,001","4,937,419"
LU,724,TEMu,Temple,Station entry/exit,Gateline,"10,114","12,212","10,148","4,567","2,886","11,100","13,436","11,665","5,019","2,951","135,394","1,624,722","6,371,669"
LU,725,THBu,Theydon Bois,Station entry/exit,Gateline,"1,012","1,207","1,088","1,019",596,987,"1,153","1,061",984,604,"14,433","173,190","679,199"
LU,726,TBEu,Tooting Bec,Station entry/exit,Gateline,"8,382","10,442","9,546","9,419","5,711","8,121","9,978","8,893","8,975","5,985","126,293","1,515,520","5,943,410"
LU,727,TBYu,Tooting Broadway,Station entry/exit,Gateline,"16,651","19,603","19,526","18,006","10,895","16,794","19,493","19,164","17,619","11,056","246,999","2,963,988","11,623,863"
LU,728,TCRu,Tottenham Court Road,Station entry/exit,Gateline,"62,192","85,956","78,366","74,696","51,536","60,917","83,933","79,129","73,792","49,915","1,040,210","12,482,525","48,952,679"
LU,729,TTHu,Tottenham Hale LU,Station entry/exit,Gateline,"19,004","20,492","20,365","19,039","14,661","18,789","20,312","19,854","17,354","13,973","265,453","3,185,440","12,492,329"
LU,730,TOTu,Totteridge & Whetstone,Station entry/exit,Gateline,"2,692","3,214","2,888","2,601","1,508","2,648","3,187","2,915","2,461","1,532","38,448","461,382","1,809,400"
LU,731,THLu,Tower Hill,Station entry/exit,Gateline,"21,271","23,366","22,979","26,283","18,499","21,474","24,637","24,862","28,876","18,946","327,197","3,926,365","15,398,014"
LU,733,TPKu,Tufnell Park,Station entry/exit,Gateline,"4,250","5,059","5,045","5,186","3,131","4,029","4,705","4,553","4,552","3,041","63,079","756,952","2,968,537"
LU,734,TGRu,Turnham Green,Station entry/exit,Gateline,"6,529","7,984","7,476","6,685","4,528","6,657","8,118","7,732","6,956","4,647","99,516","1,194,191","4,683,256"
LU,735,TPLu,Turnpike Lane,Station entry/exit,Gateline,"11,471","13,081","12,930","12,037","8,330","11,727","13,094","12,833","11,543","8,262","167,658","2,011,901","7,890,066"
LU,736,UPMu,Upminster,Station entry/exit,Gateline,"5,695","6,708","5,756","4,558","3,575","5,767","6,822","5,874","4,485","3,786","80,084","961,005","3,768,771"
LU,737,UPBu,Upminster Bridge,Station entry/exit,Gateline,"1,334","1,453","1,261",642,312,"1,344","1,410","1,239",645,351,"15,717","188,607","739,660"
LU,738,UPYu,Upney,Station entry/exit,Gateline,"3,400","3,635","3,415","2,323","1,641","3,134","3,277","3,116","2,085","1,439","41,288","495,460","1,943,046"
LU,739,UPKu,Upton Park,Station entry/exit,Gateline,"12,525","13,332","12,984","10,652","7,491","11,939","12,705","12,390","9,913","7,300","163,304","1,959,646","7,685,139"
LU,740,UXBu,Uxbridge,Station entry/exit,Gateline,"9,879","10,163","10,120","7,043","4,241","9,920","9,976","9,837","6,558","4,305","122,321","1,467,855","5,756,484"
LU,777,VUXu,Vauxhall LU,Station entry/exit,Gateline,"30,827","36,469","35,095","30,906","21,406","29,609","34,533","32,591","28,777","21,417","443,633","5,323,597","20,877,534"
LU,741,VICu,Victoria LU,Station entry/exit,Gateline,"81,784","99,356","94,628","68,868","51,135","85,530","101,703","94,299","67,323","52,358","1,199,103","14,389,236","56,430,221"
LU,742,WALu,Walthamstow Central,Station entry/exit,Gateline,"19,106","21,539","21,137","18,692","12,644","19,102","21,393","21,117","18,560","13,070","272,224","3,266,691","12,810,972"
LU,743,WANu,Wanstead,Station entry/exit,Gateline,"2,706","3,130","3,003","2,737","1,727","2,869","3,262","3,144","2,760","1,808","39,931","479,175","1,879,178"
LU,745,WSTu,Warren Street,Station entry/exit,Gateline,"20,863","24,728","20,754","12,056","8,050","21,630","25,775","21,485","12,135","7,895","276,376","3,316,507","13,006,335"
LU,746,WARu,Warwick Avenue,Station entry/exit,Gateline,"4,251","5,048","4,762","4,108","2,767","4,127","4,806","4,450","4,065","2,940","61,031","732,368","2,872,126"
LU,747,WLOu,Waterloo LU,Station entry/exit,Special,"94,212","123,889","105,036","91,312","46,805","100,430","131,352","112,397","93,772","50,549","1,460,235","17,522,819","68,719,185"
LU,748,WATu,Watford,Station entry/exit,Gateline,"2,776","3,078","2,921","1,851","1,118","2,797","3,034","2,938","1,823","1,115","35,674","428,086","1,678,824"
LU,751,WEMu,Wembley Central,Station entry/exit,Gateline,"6,706","6,978","6,920","6,372","4,057","7,127","7,574","7,367","6,513","4,127","92,844","1,114,132","4,369,287"
LU,752,WPKu,Wembley Park,Station entry/exit,Gateline,"22,547","23,648","26,057","24,356","16,204","22,267","23,308","25,928","24,793","15,776","318,794","3,825,529","15,002,565"
LU,753,WACu,West Acton,Station entry/exit,Gateline,"1,740","1,904","1,854","1,603",909,"1,716","1,814","1,853","1,608",896,"23,334","280,004","1,098,089"
LU,755,WBTu,West Brompton,Station entry/exit,Scaled,"7,177","7,177","7,004","6,910","4,287","7,403","7,403","6,548","6,722","4,161","93,952","1,127,420","4,421,399"
LU,756,WFYu,West Finchley,Station entry/exit,Gateline,"1,915","2,260","1,985","1,565",941,"1,810","2,078","1,826","1,441",933,"25,429","305,142","1,196,676"
LU,757,WHMu,West Ham,Station entry/exit,Gateline,"7,848","7,722","6,811","6,263","4,090","7,738","7,553","6,768","6,387","4,200","95,932","1,151,186","4,514,604"
LU,758,WHDu,West Hampstead LU,Station entry/exit,Gateline,"10,960","12,638","12,138","10,366","6,371","10,388","11,881","11,340","9,631","6,094","150,844","1,810,128","7,098,774"
LU,759,WHRu,West Harrow,Station entry/exit,Scaled,"1,410","1,410","1,569","1,294",826,"1,624","1,624","1,712","1,343","1,051","19,931","239,173","937,962"
LU,760,WKNu,West Kensington,Station entry/exit,Gateline,"5,290","6,387","5,924","5,570","4,095","5,048","5,998","5,188","4,708","3,761","76,740","920,883","3,611,426"
LU,762,WRPu,West Ruislip,Station entry/exit,Gateline,"1,724","1,975","1,799","1,687",890,"1,743","2,035","1,809","1,710",911,"24,303","291,638","1,143,714"
LU,754,WBPu,Westbourne Park,Station entry/exit,Gateline,"4,993","5,713","5,588","4,549","2,901","4,730","5,395","5,146","4,078","2,869","68,180","818,154","3,208,554"
LU,761,WMSu,Westminster,Station entry/exit,Gateline,"25,863","27,986","26,480","30,154","19,529","27,313","29,808","27,764","31,485","20,116","382,087","4,585,042","17,981,143"
LU,764,WCTu,White City,Station entry/exit,Gateline,"11,132","13,751","11,472","8,946","5,852","10,829","13,454","11,393","9,646","6,182","157,066","1,884,797","7,391,603"
LU,763,WCLu,Whitechapel,Station entry/exit,Gateline,"22,751","25,377","22,632","16,468","12,406","22,971","25,697","22,692","16,738","13,332","303,214","3,638,564","14,269,347"
LU,765,WLGu,Willesden Green,Station entry/exit,Gateline,"8,213","8,989","9,127","7,637","5,326","8,161","8,859","8,895","7,415","5,360","113,677","1,364,125","5,349,685"
LU,766,WJNu,Willesden Junction,Station entry/exit,Gateline,"7,164","7,951","7,587","5,465","3,523","7,062","7,679","7,263","5,120","3,682","93,757","1,125,088","4,412,252"
LU,767,WIMu,Wimbledon,Boarding/alighting,Scaled,"18,625","18,625","17,651","16,864","10,652","19,552","19,552","18,419","17,106","11,308","244,707","2,936,488","11,516,014"
LU,768,WMPu,Wimbledon Park,Station entry/exit,Gateline,"2,516","2,959","2,755","2,563","1,506","2,530","2,919","2,659","2,487","1,556","36,207","434,482","1,703,908"
LU,770,WGNu,Wood Green,Station entry/exit,Gateline,"13,388","14,833","15,580","14,567","9,407","13,239","14,724","15,316","14,358","9,207","193,731","2,324,767","9,117,031"
LU,599,WDLu,Wood Lane,Station entry/exit,Gateline,"5,572","6,864","6,080","5,818","3,808","6,073","7,461","6,756","6,541","4,136","87,757","1,053,088","4,129,894"
LU,769,WFDu,Woodford,Station entry/exit,Gateline,"6,529","7,595","7,069","5,831","3,654","6,335","7,348","6,786","5,489","3,642","90,165","1,081,983","4,243,208"
LU,771,WSPu,Woodside Park,Station entry/exit,Scaled,"4,363","4,363","4,046","3,402","2,148","7,472","7,472","6,864","5,752","4,186","73,742","884,904","3,470,324"
LU,831,NIEu,Nine Elms,Station entry/exit,Gateline,"4,985","6,124","5,829","5,334","3,992","4,720","5,683","5,199","4,642","3,695","73,813","885,762","3,473,689"
LU,832,BPSu,Battersea Power Station,Station entry/exit,Gateline,"10,426","12,230","13,867","20,787","11,950","10,001","11,701","13,276","20,462","11,278","183,840","2,206,083","8,651,589"
LO,1404,ACCr,Acton Central,Station entry/exit,Gateline,"2,558","2,704","2,765","1,760","1,157","2,533","2,692","2,655","1,408","1,126","32,151","385,815","1,512,622"
LO,5397,ANYr,Anerley,Boarding/alighting,Scaled,"1,818","1,818","1,667","1,240","1,443","1,716","1,716","1,501","1,001","1,708","22,699","272,392","1,067,937"
LO,514,BKGu,Barking,---see LU---,---see LU---,0,0,0,0,0,0,0,0,0,0,0,0,0
LO,6961,BETr,Bethnal Green LO,Station entry/exit,Gateline,"2,146","2,367","2,324","1,936","1,323","2,352","2,684","2,736","2,214","1,479","31,665","379,986","1,489,768"
LO,522,BHRu,Blackhorse Road,---see LU---,---see LU---,0,0,0,0,0,0,0,0,0,0,0,0,0
LO,5404,BCYr,Brockley,Boarding/alighting,Scaled,"5,010","5,010","5,364","4,756","3,138","4,614","4,614","4,552","3,925","3,027","63,258","759,090","2,976,079"
LO,1437,BSYr,Brondesbury,Station entry/exit,Gateline,"3,913","4,237","4,295","2,617","2,273","3,793","4,143","4,099","2,128","2,194","50,451","605,410","2,373,563"
LO,1438,BSPr,Brondesbury Park,Station entry/exit,Scaled,"2,482","2,482","2,575",922,965,"2,473","2,473","2,524",813,"1,066","28,689","344,267","1,349,727"
LO,6958,BCVr,Bruce Grove,Station entry/exit,Scaled,"3,537","3,537","3,061","2,477","2,125","2,890","2,890","2,802","2,160","1,695","40,029","480,344","1,883,232"
LO,6913,BHKr,Bush Hill Park,Station entry/exit,Scaled,"2,109","2,109","1,811","1,520",918,"1,771","1,771","1,501","1,202",844,"23,320","279,840","1,097,138"
LO,1395,BSHr,Bushey,Boarding/alighting,Scaled,598,598,664,"1,262",496,"1,082","1,082",626,"1,050",432,"11,251","135,010","529,317"
LO,1439,CIRr,Caledonian Road & Barnsbury,Station entry/exit,Scaled,"2,909","2,909","3,411","2,404","1,534","2,976","2,976","3,508","2,278","1,727","38,402","460,823","1,806,697"
LO,6962,CBHr,Cambridge Heath,Station entry/exit,Scaled,"2,168","2,168","2,019","1,741","1,475","2,295","2,295","2,281","1,808","1,466","28,643","343,717","1,347,572"
LO,1440,CMDr,Camden Road,Station entry/exit,Gateline,"5,676","6,355","6,075","5,741","3,623","5,971","6,756","6,769","6,164","3,850","83,200","998,395","3,914,294"
LO,788,CWRu,Canada Water,---see LU---,---see LU---,0,0,0,0,0,0,0,0,0,0,0,0,0
LO,1441,CNNr,Canonbury,Station entry/exit,Gateline,"3,364","4,046","4,048","2,119","2,471","3,222","3,774","3,753","1,902","2,491","46,831","561,970","2,203,254"
LO,1442,CPKr,Carpenders Park,Station entry/exit,Gateline,"1,789","1,893","1,838","1,309",790,"1,847","1,958","1,858","1,243",833,"23,061","276,727","1,084,934"
LO,6814,CHNr,Cheshunt,Boarding/alighting,Loadweigh,789,851,845,768,676,"1,395","1,407","1,418","1,072",834,"14,567","174,808","685,350"
LO,6914,CHIr,Chingford,Station entry/exit,Gateline,"2,755","3,338","2,847","2,528","1,566","2,736","3,317","2,802","2,430","1,675","39,303","471,638","1,849,097"
LO,5301,CLPr,Clapham High Street,Station entry/exit,Scaled,"2,473","2,473","2,602","2,211","1,625","2,627","2,627","2,962","2,579","1,910","34,289","411,466","1,613,188"
LO,5595,CLJr,Clapham Junction,Boarding/alighting,Loadweigh,"20,726","22,925","22,347","17,782","10,496","18,371","19,996","19,784","15,622","9,423","263,315","3,159,777","12,388,180"
LO,6926,CPTr,Clapton,Station entry/exit,Manual Counts,"3,187","3,894","3,730","2,239","1,505","2,885","3,433","3,321","1,900","1,391","42,138","505,658","1,982,478"
LO,7406,CRHr,Crouch Hill,Station entry/exit,Scaled,"1,710","1,710","1,756","1,357",762,"1,757","1,757","1,805","1,421",891,"21,859","262,303","1,028,383"
LO,5356,CYPr,Crystal Palace,Boarding/alighting,Loadweigh,"2,639","3,025","2,656","2,827","2,218","2,670","2,896","2,546","2,561","2,252","38,132","457,579","1,793,979"
LO,1443,DLJr,Dalston Junction,Station entry/exit,Gateline,"6,598","8,338","9,106","10,930","6,239","6,700","8,360","9,374","11,575","6,579","117,194","1,406,322","5,513,609"
LO,1429,DLKr,Dalston Kingsland,Station entry/exit,Gateline,"7,073","8,140","9,134","8,627","5,247","7,052","8,048","9,466","8,771","5,633","109,569","1,314,833","5,154,919"
LO,5421,DMKr,Denmark Hill,Boarding/alighting,Scaled,"11,627","11,627","11,262","5,584","5,181","11,969","11,969","11,643","5,603","5,177","138,835","1,666,015","6,531,758"
LO,6941,EDRr,Edmonton Green,Boarding/alighting,Scaled,"5,274","5,274","5,287","4,677","3,235","5,085","5,085","5,299","4,216","3,060","67,210","806,514","3,162,010"
LO,7473,EMPr,Emerson Park,Station entry/exit,Scaled,575,575,502,293,106,412,412,357,160,96,"5,460","65,525","256,897"
LO,6959,ENFr,Enfield Town,Station entry/exit,Gateline,"3,353","3,680","3,365","2,558","1,766","3,146","3,383","3,137","2,217","1,622","42,352","508,226","1,992,543"
LO,1444,EUSr,Euston NR,Boarding/alighting,Loadweigh,"3,836","5,005","5,248","4,861","2,940","3,591","4,467","4,815","3,920","2,917","60,543","726,521","2,848,390"
LO,1445,FNYr,Finchley Road & Frognal,Station entry/exit,Scaled,"3,248","3,248","3,367","1,213","1,793","3,497","3,497","3,572","1,259","1,854","40,039","480,466","1,883,709"
LO,5362,FOHr,Forest Hill,Boarding/alighting,Scaled,"3,955","3,955","3,898","3,583","2,703","4,098","4,098","4,081","3,441","2,805","52,722","632,664","2,480,415"
LO,1409,GPOr,Gospel Oak,Station entry/exit,Gateline,"3,619","3,939","3,949","2,888","1,978","3,548","3,869","3,833","3,243","2,020","48,500","582,000","2,281,783"
LO,591,GUNu,Gunnersbury,---see LU---,---see LU---,0,0,0,0,0,0,0,0,0,0,0,0,0
LO,6977,HKCr,Hackney Central,Station entry/exit,Gateline,"6,383","8,047","8,177","8,422","5,170","6,697","8,235","8,528","9,270","5,421","106,913","1,282,957","5,029,944"
LO,6867,HACr,Hackney Downs,Boarding/alighting,Manual Counts,"6,809","5,375","7,335","5,954","5,954","6,317","7,322","7,468","5,176","5,176","88,281","1,059,369","4,153,346"
LO,6978,HKWr,Hackney Wick,Station entry/exit,Scaled,"5,213","5,213","5,231","5,211","2,796","4,736","4,736","5,429","5,731","3,102","67,297","807,570","3,166,148"
LO,1022,HGGr,Haggerston,Station entry/exit,Gateline,"3,979","4,972","4,663","4,134","2,612","3,961","4,921","4,666","4,284","2,696","60,675","728,101","2,854,584"
LO,1413,HDHr,Hampstead Heath,Station entry/exit,Gateline,"4,547","4,890","4,835","3,077","2,834","4,531","4,834","4,739","3,170","2,909","59,814","717,771","2,814,083"
LO,596,HARu,Harlesden,---see LU---,---see LU---,0,0,0,0,0,0,0,0,0,0,0,0,0
LO,7401,HRYr,Harringay Green Lanes,Station entry/exit,Manual Counts,"2,494","2,607","2,747","2,566","1,629","2,603","2,693","2,745","2,536","1,694","34,914","418,972","1,642,618"
LO,597,HAWu,Harrow & Wealdstone,---see LU---,---see LU---,0,0,0,0,0,0,0,0,0,0,0,0,0
LO,1398,HTEr,Hatch End,Station entry/exit,Gateline,954,"1,061","1,000",718,438,941,"1,058","1,012",746,465,"12,630","151,563","594,216"
LO,1434,HDLr,Headstone Lane,Station entry/exit,Scaled,"1,051","1,051","1,090",531,443,903,903,888,465,479,"11,712","140,539","550,997"
LO,6919,HIPr,Highams Park,Station entry/exit,Gateline,"3,915","4,690","4,087","3,009","1,775","3,829","4,539","3,810","2,716","1,811","52,640","631,679","2,476,551"
LO,603,HBYu,Highbury & Islington,---see LU---,---see LU---,0,0,0,0,0,0,0,0,0,0,0,0,0
LO,6979,HMNr,Homerton,Station entry/exit,Gateline,"6,128","7,103","7,045","5,445","3,601","6,057","6,748","6,358","4,965","3,592","84,745","1,016,936","3,986,986"
LO,5418,HPAr,Honor Oak Park,Station entry/exit,Gateline,"3,356","4,056","3,705","3,238","2,001","3,383","4,019","3,423","2,971","2,099","48,400","580,802","2,277,085"
LO,1023,HOXr,Hoxton,Station entry/exit,Gateline,"4,261","5,407","5,066","4,138","3,603","4,417","5,660","5,421","4,393","4,401","68,901","826,813","3,241,592"
LO,9586,IMWr,Imperial Wharf,Boarding/alighting,Scaled,"5,026","5,026","4,966","2,882","1,805","4,673","4,673","4,547","2,602","1,578","57,176","686,116","2,689,976"
LO,617,KGNu,Kensal Green,---see LU---,---see LU---,0,0,0,0,0,0,0,0,0,0,0,0,0
LO,1448,KNRr,Kensal Rise,Station entry/exit,Scaled,"5,128","5,128","4,201","3,229","2,818","4,884","4,884","3,800","2,661","2,873","59,628","715,533","2,805,310"
LO,618,OLYu,Kensington (Olympia),Station entry/exit,Gateline,"2,996","3,692","3,729","2,204","2,270","3,080","3,859","3,584","2,024","2,033","44,571","534,851","2,096,931"
LO,1449,KTWr,Kentish Town West,Station entry/exit,Scaled,"3,522","3,522","4,093","2,854","2,331","3,543","3,543","4,241","2,770","2,363","46,911","562,935","2,207,036"
LO,620,KETu,Kenton,---see LU---,---see LU---,0,0,0,0,0,0,0,0,0,0,0,0,0
LO,621,KEWu,Kew Gardens,---see LU---,---see LU---,0,0,0,0,0,0,0,0,0,0,0,0,0
LO,1415,KBNr,Kilburn High Road,Station entry/exit,Gateline,"1,088","1,185","1,253","1,025",697,"1,176","1,202","1,251","1,091",745,"15,486","185,831","728,567"
LO,7402,LEMr,Leyton Midland Road,Station entry/exit,Gateline,"2,241","2,447","2,400","1,852","1,054","2,270","2,415","2,304","1,741","1,054","29,500","354,000","1,387,888"
LO,7403,LERr,Leytonstone High Road,Station entry/exit,Gateline,"1,548","1,686","1,692","1,409",954,"1,496","1,633","1,619","1,303",908,"20,887","250,648","982,688"
LO,6965,LSTr,Liverpool Street NR,Boarding/alighting,Loadweigh,"19,265","24,529","20,787","9,088","8,329","17,879","21,993","20,289","7,229","7,025","249,455","2,993,464","11,736,136"
LO,6966,LOFr,London Fields,Station entry/exit,Scaled,"2,970","2,970","2,823","3,028","2,231","3,130","3,130","3,052","3,829","2,788","42,150","505,804","1,983,050"
LO,5150,NWXr,New Cross,Boarding/alighting,Scaled,"3,474","3,474","3,391","3,308","2,283","3,466","3,466","3,198","3,533","2,384","45,859","550,310","2,157,537"
LO,5345,NXGr,New Cross Gate,Boarding/alighting,Manual Counts,"6,357","7,071","7,157","8,420","5,580","6,317","6,887","7,149","8,596","6,193","97,642","1,171,707","4,593,780"
LO,659,NWBu,North Wembley,---see LU---,---see LU---,0,0,0,0,0,0,0,0,0,0,0,0,0
LO,5376,NWDr,Norwood Junction,Boarding/alighting,Manual Counts,"2,618","3,084","2,969","2,705","2,001","2,629","3,013","2,669","2,573","1,656","38,110","457,321","1,792,966"
LO,5423,PMRr,Peckham Rye,Boarding/alighting,Scaled,"4,603","4,603","4,402","4,852","3,436","5,704","5,704","5,539","5,485","4,217","69,161","829,935","3,253,834"
LO,5378,PNWr,Penge West,Boarding/alighting,Scaled,"1,292","1,292","1,301","1,530",765,"1,211","1,211","1,236","1,220",713,"16,774","201,292","789,184"
LO,680,QPKu,Queen's Park,---see LU---,---see LU---,0,0,0,0,0,0,0,0,0,0,0,0,0
LO,5424,QRPr,Queens Road Peckham,Boarding/alighting,Scaled,"2,755","2,755","2,206","2,763","1,819","2,734","2,734","2,095","2,741","1,836","35,412","424,948","1,666,047"
LO,6967,RECr,Rectory Road,Station entry/exit,Scaled,"2,572","2,572","2,288","1,906","1,277","2,282","2,282","2,248","1,835","1,408","30,379","364,553","1,429,260"
LO,686,RMDu,Richmond,---see LU---,---see LU---,0,0,0,0,0,0,0,0,0,0,0,0,0
LO,6886,RMFr,Romford,---see EZL---,---see EZL---,0,0,0,0,0,0,0,0,0,0,0,0,0
LO,1039,ROEr,Rotherhithe,Station entry/exit,Gateline,"2,013","2,497","2,346","2,187","1,373","1,852","2,259","2,135","1,963","1,287","29,424","353,084","1,384,298"
LO,698,SVSu,Seven Sisters,---see LU---,---see LU---,0,0,0,0,0,0,0,0,0,0,0,0,0
LO,1082,SDEr,Shadwell LO,Station entry/exit,Gateline,"5,026","5,740","5,888","5,223","3,809","5,418","6,159","6,107","5,376","3,891","76,434","917,208","3,595,992"
LO,9587,SPBr,Shepherd's Bush NR,Boarding/alighting,Scaled,"9,484","9,484","9,932","9,210","5,768","9,515","9,515","10,155","9,410","5,774","126,245","1,514,945","5,939,472"
LO,1024,SDCr,Shoreditch High Street,Station entry/exit,Gateline,"8,234","11,083","10,827","11,840","7,677","8,603","11,965","12,327","13,554","7,865","150,069","1,800,833","7,060,324"
LO,6972,SLVr,Silver Street,Station entry/exit,Scaled,"4,054","4,054","3,952","2,977","2,116","3,915","3,915","4,096","2,985","2,224","50,227","602,727","2,363,045"
LO,1452,SATr,South Acton,Station entry/exit,Scaled,"1,858","1,858","1,869","1,346","1,254","2,040","2,040","1,904","1,057","1,460","24,484","293,802","1,151,877"
LO,1451,SOHr,South Hampstead,Station entry/exit,Scaled,"1,014","1,014","1,008",726,576,988,988,"1,001",802,554,"12,676","152,110","596,361"
LO,709,SKTu,South Kenton,---see LU---,---see LU---,0,0,0,0,0,0,0,0,0,0,0,0,0
LO,7404,STOr,South Tottenham,Station entry/exit,Gateline,"2,171","2,464","2,196","1,758","1,095","2,284","2,602","2,350","1,969","1,131","30,151","361,816","1,418,531"
LO,6947,SBUr,Southbury,Station entry/exit,Gateline,"1,450","1,493","1,520","1,125",754,"1,529","1,588","1,592","1,170",836,"19,220","230,634","904,221"
LO,6973,SJSr,St James Street,Station entry/exit,Gateline,"1,966","2,370","2,154","1,840","1,151","2,022","2,456","2,136","1,788","1,150","28,686","344,229","1,349,581"
LO,6968,SMHr,Stamford Hill,Station entry/exit,Scaled,"1,790","1,790","1,755","1,159",894,"1,768","1,768","1,722","1,067",844,"21,673","260,077","1,019,656"
LO,6934,SKWr,Stoke Newington,Station entry/exit,Scaled,"3,001","3,001","2,995","2,373","1,615","2,715","2,715","2,723","2,255","1,555","36,378","436,530","1,711,454"
LO,717,SPKu,Stonebridge Park,---see LU---,---see LU---,0,0,0,0,0,0,0,0,0,0,0,0,0
LO,719,SFDu,Stratford,---see LU---,---see LU---,0,0,0,0,0,0,0,0,0,0,0,0,0
LO,1083,SQEr,Surrey Quays,Station entry/exit,Gateline,"6,471","7,331","7,609","7,150","4,298","5,912","6,644","6,797","6,861","3,970","90,994","1,091,923","4,280,981"
LO,5437,SYDr,Sydenham,Boarding/alighting,Scaled,"3,312","3,312","3,076","3,063","1,944","4,036","4,036","3,784","2,830","2,219","46,307","555,680","2,178,593"
LO,6949,TEOr,Theobalds Grove,Station entry/exit,Gateline,"1,038","1,097","1,056",714,457,960,991,937,658,439,"12,524","150,283","589,199"
LO,6952,TURr,Turkey Street,Station entry/exit,Gateline,"1,454","1,522","1,567",993,714,"1,351","1,415","1,412",885,720,"17,904","214,850","842,338"
LO,736,UPMu,Upminster,---see LU---,---see LU---,0,0,0,0,0,0,0,0,0,0,0,0,0
LO,1524,UHLr,Upper Holloway,Station entry/exit,Scaled,"2,827","2,827","2,717","2,112","1,395","2,862","2,862","3,013","2,158","1,388","35,540","426,484","1,672,068"
LO,742,WALu,Walthamstow Central,---see LU---,---see LU---,0,0,0,0,0,0,0,0,0,0,0,0,0
LO,7407,WMWr,Walthamstow Queen's Road,Station entry/exit,Scaled,"1,955","1,955","2,002","1,555",973,"1,916","1,916","1,959","2,714","1,642","26,328","315,938","1,238,663"
LO,5372,WWRr,Wandsworth Road,Station entry/exit,Manual Counts,"1,110","1,277","1,320",874,553,"1,127","1,252","1,285",833,563,"15,254","183,048","717,656"
LO,7408,WNPr,Wanstead Park,Station entry/exit,Gateline,"1,951","2,068","2,043","1,687","1,086","1,959","2,086","2,023","1,678","1,137","26,025","312,295","1,224,379"
LO,1085,WPEr,Wapping,Station entry/exit,Gateline,"2,973","3,499","3,546","3,623","2,354","2,902","3,395","3,328","3,447","2,354","45,210","542,517","2,126,986"
LO,1455,WFHr,Watford High Street,Station entry/exit,Gateline,"1,938","1,974","2,088","2,033","1,342","1,824","1,902","2,038","2,119","1,270","26,282","315,383","1,236,487"
LO,1402,WFJr,Watford Junction,Boarding/alighting,Scaled,"2,539","2,539","2,387","2,940","2,516","2,506","2,506","2,236","2,660","2,598","35,515","426,182","1,670,882"
LO,751,WEMu,Wembley Central,---see LU---,---see LU---,0,0,0,0,0,0,0,0,0,0,0,0,0
LO,755,WBTu,West Brompton,---see LU---,---see LU---,0,0,0,0,0,0,0,0,0,0,0,0,0
LO,5411,WCYr,West Croydon NR,Boarding/alighting,Loadweigh,"4,663","5,022","4,887","4,027","2,783","4,368","4,653","4,596","3,592","2,409","60,348","724,182","2,839,218"
LO,1421,WHDr,West Hampstead LO,Station entry/exit,Gateline,"6,767","7,459","7,050","4,342","3,542","6,770","7,521","7,099","4,192","3,637","88,338","1,060,050","4,156,020"
LO,6956,WHLr,White Hart Lane,Station entry/exit,Gateline,"2,672","2,633","2,813","2,031","1,249","2,547","2,178","2,640","1,840","1,219","31,443","377,314","1,479,294"
LO,763,WCLu,Whitechapel,---see LU---,---see LU---,0,0,0,0,0,0,0,0,0,0,0,0,0
LO,766,WJNu,Willesden Junction,---see LU---,---see LU---,0,0,0,0,0,0,0,0,0,0,0,0,0
LO,6954,WSTr,Wood Street,Station entry/exit,Scaled,"3,373","3,373","2,996","2,402","1,703","3,114","3,114","2,682","2,058","1,758","39,549","474,585","1,860,651"
LO,7467,WGRr,Woodgrange Park,Station entry/exit,Gateline,"1,477","1,534","1,544","1,224",885,"1,361","1,369","1,384","1,034",800,"18,417","221,007","866,476"
LO,1335,BGVr,Barking Riverside,Station entry/exit,Gateline,"1,048","1,237","1,073",720,380,954,"1,111",902,639,358,"13,117","157,404","617,116"
DLR,750,ABRd,Abbey Road,Station entry/exit,APC,"1,937","2,040","2,040","1,545","1,160","1,934","2,044","2,026","1,508","1,173","25,575","306,896","1,249,246"
DLR,850,ALSd,All Saints,Station entry/exit,APC,"2,618","2,619","2,600","2,202","1,567","2,622","2,618","2,528","2,128","1,574","33,549","402,587","1,638,762"
DLR,513,BNKu,Bank and Monument,---see LU---,---see LU---,0,0,0,0,0,0,0,0,0,0,0,0,0
DLR,895,BECd,Beckton,Station entry/exit,APC,"3,207","3,316","3,329","2,699","1,688","3,343","3,492","3,363","2,703","1,648","42,404","508,854","2,071,330"
DLR,891,BEPd,Beckton Park,Station entry/exit,APC,766,775,791,550,369,808,853,827,553,412,"9,961","119,536","486,582"
DLR,882,BLAd,Blackwall,Station entry/exit,APC,"1,974","2,139","2,032","1,571","1,390","2,128","2,316","2,172","1,683","1,459","27,775","333,306","1,356,748"
DLR,851,BOCd,Bow Church,Station entry/exit,APC,"5,141","5,167","4,747","3,755","2,837","3,247","3,517","3,334","2,736","2,240","54,088","649,050","2,642,011"
DLR,842,CAWd,Canary Wharf DLR,Station entry/exit,APC,"15,062","18,256","15,809","14,306","9,879","16,336","19,899","17,696","16,710","11,004","231,266","2,775,191","11,296,641"
DLR,884,CNTu,Canning Town,---see LU---,---see LU---,0,0,0,0,0,0,0,0,0,0,0,0,0
DLR,854,CROd,Crossharbour,Station entry/exit,APC,"4,993","5,461","5,383","4,623","3,255","5,049","5,380","5,169","4,382","3,138","68,514","822,164","3,346,686"
DLR,887,CUHd,Custom House DLR,Station entry/exit,APC,"5,783","6,341","6,889","5,806","3,211","3,981","5,935","5,266","4,455","2,603","74,821","897,854","3,654,788"
DLR,879,CUSd,Cutty Sark,Station entry/exit,APC,"9,233","8,680","9,296","10,520","7,170","10,231","10,472","10,256","10,203","7,208","131,572","1,578,864","6,426,895"
DLR,893,CYPd,Cyprus,Station entry/exit,APC,"4,324","3,729","3,206","1,092",810,"4,367","3,787","3,156","1,063",820,"41,384","496,608","2,021,485"
DLR,897,DEBd,Deptford Bridge,Station entry/exit,APC,"3,969","4,303","4,430","4,053","2,936","4,074","4,358","4,475","3,882","2,867","56,667","680,009","2,768,033"
DLR,867,DERd,Devons Road,Station entry/exit,APC,"3,326","3,591","3,470","2,833","2,078","3,315","3,535","3,306","2,662","2,088","44,456","533,467","2,171,521"
DLR,883,EAId,East India,Station entry/exit,APC,"6,021","6,742","6,321","4,062","2,807","6,514","7,301","6,758","4,064","2,732","81,410","976,924","3,976,650"
DLR,898,ELRd,Elverson Road,Station entry/exit,APC,"2,061","2,253","2,211","1,949","1,348","1,904","2,111","1,971","1,698","1,310","27,543","330,514","1,345,384"
DLR,894,GARd,Gallions Reach,Station entry/exit,APC,"2,484","2,662","2,661","2,216","1,570","2,596","2,854","2,718","2,192","1,658","34,643","415,716","1,692,208"
DLR,928,GREd,Greenwich,Boarding/alighting,APC,"6,836","7,545","7,367","7,317","5,365","6,859","7,310","7,298","7,575","5,680","98,861","1,186,328","4,829,043"
DLR,855,HEQd,Heron Quays,Station entry/exit,APC,"7,633","8,190","7,266","6,610","5,220","8,188","9,120","8,182","7,347","5,474","107,849","1,294,188","5,268,097"
DLR,856,ISGd,Island Gardens,Station entry/exit,APC,"3,373","3,593","3,605","3,453","2,351","3,071","3,403","3,130","2,858","2,031","44,860","538,316","2,191,259"
DLR,523,KGVd,King George V,Station entry/exit,APC,"2,504","2,530","2,575","2,147","1,560","2,618","2,631","2,598","2,097","1,597","33,178","398,139","1,620,656"
DLR,853,LAPd,Langdon Park,Station entry/exit,APC,"5,673","6,236","6,359","5,147","3,947","5,713","6,142","6,303","5,135","3,710","79,123","949,476","3,864,917"
DLR,940,LEWd,Lewisham DLR,Station entry/exit,APC,"10,529","11,641","10,826","9,019","6,737","10,730","11,634","10,776","8,899","6,590","143,930","1,727,159","7,030,542"
DLR,862,LIMd,Limehouse DLR,Station entry/exit,APC,"9,016","10,388","9,592","7,124","4,714","13,087","14,884","14,100","9,627","7,078","150,153","1,801,841","7,334,538"
DLR,533,LCAd,London City Airport,Station entry/exit,APC,"5,793","5,636","5,940","2,313","3,060","5,083","5,151","5,967","2,433","3,043","65,995","791,939","3,223,651"
DLR,857,MUDd,Mudchute,Station entry/exit,APC,"2,258","2,514","2,530","2,302","1,693","2,215","2,378","2,283","2,170","1,733","31,860","382,315","1,556,245"
DLR,538,PDKd,Pontoon Dock,Station entry/exit,APC,"3,634","4,117","4,122","6,089","2,864","3,749","4,185","4,050","5,277","2,829","57,520","690,241","2,809,682"
DLR,858,POPd,Poplar,Station entry/exit,Scaled,"1,829","1,829","1,746","1,096","1,432","1,899","1,899","2,105","1,186","1,488","23,965","287,577","1,170,604"
DLR,888,PRRd,Prince Regent,Station entry/exit,APC,"2,044","2,381","2,585","2,263","1,662","2,111","2,416","2,628","2,296","1,496","31,474","377,692","1,537,427"
DLR,859,PMLd,Pudding Mill Lane,Station entry/exit,APC,"3,442","3,798","3,575","4,562","4,332","3,536","3,794","3,436","4,206","4,125","53,991","647,889","2,637,285"
DLR,890,ROAd,Royal Albert,Station entry/exit,APC,"1,853","1,902","1,950","2,232","1,537","1,976","2,100","2,190","2,376","1,384","27,501","330,013","1,343,343"
DLR,886,ROVd,Royal Victoria,Station entry/exit,APC,"4,094","4,002","4,434","5,039","3,529","3,497","3,535","3,831","3,940","2,775","53,750","645,005","2,625,546"
DLR,860,SHAd,Shadwell DLR,Station entry/exit,APC,"7,734","8,209","8,003","6,279","4,948","7,594","8,277","8,156","6,292","4,981","103,445","1,241,337","5,052,963"
DLR,861,SOQd,South Quay,Station entry/exit,APC,"5,778","6,895","6,209","4,359","3,137","5,882","7,085","6,084","4,133","3,106","80,627","967,519","3,938,364"
DLR,889,STLd,Star Lane,Station entry/exit,APC,"2,243","2,480","2,322","1,357","1,058","2,425","2,698","2,562","1,446","1,129","30,077","360,923","1,469,167"
DLR,719,SFDu,Stratford,---see LU---,---see LU---,0,0,0,0,0,0,0,0,0,0,0,0,0
DLR,749,SHSd,Stratford High Street,Station entry/exit,APC,"1,878","1,951","1,833","1,273",984,"2,007","2,061","1,985","1,315","1,023","24,334","292,007","1,188,638"
DLR,504,STId,Stratford International DLR,Station entry/exit,APC,"5,842","6,421","6,546","5,897","4,499","5,255","5,685","5,791","5,315","4,086","79,547","954,567","3,885,642"
DLR,864,TOGd,Tower Gateway,Station entry/exit,APC,"4,306","4,989","4,651","4,080","3,190","4,343","5,105","5,019","4,477","3,638","63,987","767,840","3,125,555"
DLR,757,WHMu,West Ham,---see LU---,---see LU---,0,0,0,0,0,0,0,0,0,0,0,0,0
DLR,866,WIQd,West India Quay,Station entry/exit,APC,"3,722","4,389","4,559","4,666","3,860","3,465","4,098","4,153","4,209","3,341","57,437","689,241","2,805,612"
DLR,559,WSId,West Silvertown,Station entry/exit,APC,"3,400","3,757","3,692","3,202","2,228","3,271","3,460","3,402","2,901","1,876","45,622","547,463","2,228,492"
DLR,865,WESd,Westferry,Station entry/exit,APC,"6,020","6,716","6,602","5,556","4,353","6,113","6,705","6,409","5,477","4,582","85,373","1,024,477","4,170,218"
DLR,573,WOAd,Woolwich Arsenal,Station entry/exit,APC,"11,018","10,863","11,561","10,055","13,388","11,292","11,218","11,816","10,479","12,395","158,245","1,898,946","7,729,812"
EZL,5131,ABWr,Abbey Wood,Boarding/alighting,Loadweigh,"14,591","17,412","15,077","12,117","7,379","18,401","22,071","18,522","14,886","10,697","230,120","2,761,439","10,030,892"
EZL,3000,AMLr,Acton Main Line,Station entry/exit,Gateline,"1,775","3,077","1,906","1,642",848,"1,795","3,140","1,766","1,363",898,"30,647","367,759","1,335,880"
EZL,524,BDSu,Bond Street,---see LU---,---see LU---,0,0,0,0,0,0,0,0,0,0,0,0,0
EZL,6872,BREr,Brentwood,Station entry/exit,Gateline,"3,695","4,496","3,657","2,433","1,328","3,516","4,229","3,472","2,253","1,321","47,850","574,198","2,085,769"
EZL,3176,BNMr,Burnham,Station entry/exit,Manual Counts,"2,197","2,783","2,565","1,815","1,033","2,080","2,607","2,211","1,626","1,005","30,702","368,424","1,338,295"
EZL,6560,CWXr,Canary Wharf EZL,Station entry/exit,Gateline,"17,123","25,525","19,056","15,293","9,919","17,624","25,296","19,116","16,474","10,776","277,847","3,334,166","12,111,314"
EZL,6874,CTHr,Chadwell Heath,Station entry/exit,Gateline,"6,434","7,080","6,635","4,968","3,017","6,244","6,801","6,296","4,464","2,990","82,689","992,262","3,604,379"
EZL,6561,CUSr,Custom House EZL,Station entry/exit,Gateline,"8,554","12,056","11,159","11,662","5,728","8,528","11,543","10,871","11,687","5,548","144,533","1,734,401","6,300,188"
EZL,560,EBYu,Ealing Broadway,---see LU---,---see LU---,0,0,0,0,0,0,0,0,0,0,0,0,0
EZL,577,FARu,Farringdon,---see LU---,---see LU---,0,0,0,0,0,0,0,0,0,0,0,0,0
EZL,6876,FOGr,Forest Gate,Station entry/exit,Gateline,"6,718","8,170","7,125","5,861","4,093","6,824","8,074","6,960","5,552","4,142","96,007","1,152,079","4,184,913"
EZL,6877,GDPr,Gidea Park,Station entry/exit,Gateline,"4,041","4,945","4,072","2,969","1,739","3,809","4,618","3,725","2,633","1,798","53,475","641,706","2,330,987"
EZL,6878,GMYr,Goodmayes,Station entry/exit,Gateline,"5,904","6,485","5,921","4,275","2,829","5,851","6,405","5,752","4,003","2,800","76,005","912,061","3,313,051"
EZL,3191,HANr,Hanwell,Station entry/exit,Scaled,"2,701","2,701","2,102","1,648","1,011","2,266","2,266","1,894","1,381","1,048","28,948","347,373","1,261,829"
EZL,6879,HROr,Harold Wood,Station entry/exit,Gateline,"4,720","5,443","4,619","3,330","1,777","4,627","5,272","4,406","3,019","1,641","60,283","723,392","2,627,711"
EZL,3186,HAYr,Hayes & Harlington,Boarding/alighting,Manual Counts,"8,854","9,972","10,088","8,770","5,735","8,807","9,965","10,895","8,522","5,646","127,127","1,525,526","5,541,453"
EZL,7091,HAFr,Heathrow Terminal 4 EZL,Boarding/alighting,Loadweigh,"2,130","3,010","3,018","2,835","2,803","1,768","3,435","2,724","2,805","2,702","40,121","481,452","1,748,867"
EZL,9846,HWVr,Heathrow Terminal 5 EZL,Boarding/alighting,Loadweigh,"2,612","3,054","2,449","2,620","2,087","2,690","3,543","2,765","2,292","1,824","39,130","469,562","1,705,678"
EZL,7090,HXXr,Heathrow Terminals 2 & 3 EZL,Boarding/alighting,Scaled,"10,005","10,005","8,618","7,672","7,771","9,168","9,168","8,166","6,637","5,216","120,773","1,449,281","5,264,496"
EZL,6881,IFDr,Ilford,Station entry/exit,Gateline,"11,646","12,874","11,810","10,092","6,944","12,149","13,480","12,058","9,858","7,046","160,665","1,927,977","7,003,352"
EZL,3170,IVRr,Iver,Station entry/exit,Manual Counts,476,618,597,430,281,443,562,513,357,261,"6,898","82,778","300,691"
EZL,3171,LNYr,Langley,Station entry/exit,Manual Counts,"1,565","2,001","1,841","1,343",797,"1,622","2,095","1,812","1,281",805,"23,355","280,258","1,018,032"
EZL,634,LSTu,Liverpool Street LU,---see LU---,---see LU---,0,0,0,0,0,0,0,0,0,0,0,0,0
EZL,6965,LSTr,Liverpool Street NR,Boarding/alighting,---limited services---,0,0,0,0,0,0,0,0,0,0,0,0,0
EZL,3147,MAIr,Maidenhead,Boarding/alighting,Manual Counts,"3,959","5,805","5,241","3,376","2,805","4,512","6,694","5,525","2,375","2,898","68,188","818,260","2,972,320"
EZL,6883,MNPr,Manor Park,Station entry/exit,Gateline,"4,743","5,626","4,913","3,934","2,770","4,761","5,554","4,867","3,617","2,793","65,942","791,300","2,874,388"
EZL,6970,MYLr,Maryland,Station entry/exit,Gateline,"3,855","4,914","4,128","2,945","2,133","3,713","4,616","3,729","2,585","2,188","53,866","646,392","2,348,010"
EZL,3087,PADr,Paddington NR,Boarding/alighting,---limited services---,0,0,0,0,0,0,0,0,0,0,0,0,0
EZL,670,PADu,Paddington TfL,---see LU---,---see LU---,0,0,0,0,0,0,0,0,0,0,0,0,0
EZL,3149,RDGr,Reading,Boarding/alighting,Loadweigh,"3,239","3,879","3,594","2,241","2,528","4,322","5,009","4,605","3,624","3,376","54,192","650,308","2,362,237"
EZL,6886,RMFr,Romford,Boarding/alighting,Scaled,"14,773","14,773","14,610","13,107","6,963","17,122","17,122","16,667","14,164","7,753","200,842","2,410,104","8,754,672"
EZL,6893,SVKr,Seven Kings,Boarding/alighting,Scaled,"6,112","6,112","5,860","4,230","2,850","5,524","5,524","5,142","3,674","2,738","71,038","852,455","3,096,531"
EZL,6888,SNFr,Shenfield,Boarding/alighting,Loadweigh,"3,795","4,188","3,363","2,762","1,375","4,695","5,411","4,295","3,503","1,950","54,532","654,384","2,377,042"
EZL,3172,SLOr,Slough,Boarding/alighting,Manual Counts,"4,800","6,257","5,136","5,064","2,997","4,210","5,386","4,664","3,973","2,551","68,323","819,880","2,978,203"
EZL,3187,STLr,Southall,Boarding/alighting,Scaled,"5,501","5,501","5,357","4,372","2,945","5,313","5,313","4,997","3,891","2,674","67,489","809,868","2,941,837"
EZL,719,SFDu,Stratford,---see LU---,---see LU---,0,0,0,0,0,0,0,0,0,0,0,0,0
EZL,3151,TAPr,Taplow,Station entry/exit,Manual Counts,590,888,668,595,375,574,810,562,512,401,"9,371","112,448","408,467"
EZL,728,TCRu,Tottenham Court Road,---see LU---,---see LU---,0,0,0,0,0,0,0,0,0,0,0,0,0
EZL,3155,TWYr,Twyford,Boarding/alighting,Manual Counts,"2,010","3,390","2,451","1,959","1,074","2,097","3,471","2,588","1,719","1,270","35,751","429,014","1,558,389"
EZL,3174,WDTr,West Drayton,Boarding/alighting,Scaled,"3,431","3,431","3,405","2,781","1,593","3,015","3,015","2,839","2,197","1,457","40,057","480,681","1,746,069"
EZL,3188,WEAr,West Ealing,Boarding/alighting,Scaled,"3,705","3,705","2,971","2,503","1,201","3,689","3,689","2,886","2,194","1,321","42,653","511,837","1,859,242"
EZL,763,WCLu,Whitechapel,---see LU---,---see LU---,0,0,0,0,0,0,0,0,0,0,0,0,0
EZL,6562,WWCr,Woolwich EZL,Station entry/exit,Gateline,"13,628","17,210","16,286","14,266","9,584","13,292","16,853","14,949","12,812","9,648","206,652","2,479,823","9,007,924"
